<?xml version="1.0" encoding="UTF-8"?>
<gmd:MD_Metadata  xmlns:gmd="http://www.isotc211.org/2005/gmd" xmlns:gco="http://www.isotc211.org/2005/gco" xmlns:xsi="http://www.w3.org/2001/XMLSchema-instance" xmlns:gml="http://www.opengis.net/gml" xmlns:xlink="http://www.w3.org/1999/xlink">
	<gmd:fileIdentifier>
		<gco:CharacterString>fr-120066022-jdd-64670ea9-ec35-4d5a-a7b1-ae4ad6cd0887</gco:CharacterString>
	</gmd:fileIdentifier>
	<gmd:language>
		<gmd:LanguageCode codeList="http://www.loc.gov/standards/iso639-2/" codeListValue="fre">fre</gmd:LanguageCode>
	</gmd:language>
	<gmd:characterSet>
		<gmd:MD_CharacterSetCode codeList="http://www.isotc211.org/2005/resources/codeList.xml#MD_CharacterSetCode" codeListValue="MD_CharacterSetCode_utf8">utf8</gmd:MD_CharacterSetCode>
	</gmd:characterSet>
	<gmd:hierarchyLevel>
		<gmd:MD_ScopeCode codeList="http://standards.iso.org/ittf/PubliclyAvailableStandards/ISO_19139_Schemas/resources/codelist/gmxCodelists.xml#MD_ScopeCode" codeListValue="dataset">dataset</gmd:MD_ScopeCode>
	</gmd:hierarchyLevel>
	<gmd:contact>
	<gmd:CI_ResponsibleParty>
		<gmd:organisationName>
			<gco:CharacterString>DDTM de Seine-Maritime</gco:CharacterString>
		</gmd:organisationName>
		<gmd:contactInfo>
			<gmd:CI_Contact>
				<gmd:phone>
					<gmd:CI_Telephone>
						<gmd:voice>
							<gco:CharacterString>0235585327</gco:CharacterString>
						</gmd:voice>
						<gmd:facsimile>
							<gco:CharacterString></gco:CharacterString>
						</gmd:facsimile>
					</gmd:CI_Telephone>
				</gmd:phone>
				<gmd:address>
					<gmd:CI_Address>
						<gmd:deliveryPoint>
							<gco:CharacterString>2, Rue Saint Sever Cedex 01</gco:CharacterString>
						</gmd:deliveryPoint>
						<gmd:city>
							<gco:CharacterString>Rouen</gco:CharacterString>
						</gmd:city>
						<gmd:postalCode>
							<gco:CharacterString>76032</gco:CharacterString>
						</gmd:postalCode>
						<gmd:country>
							<gco:CharacterString>France</gco:CharacterString>
						</gmd:country>
						<gmd:electronicMailAddress>
							<gco:CharacterString>ddtm@seine-maritime.gouv.fr</gco:CharacterString>
						</gmd:electronicMailAddress>
					</gmd:CI_Address>
				</gmd:address>
				<gmd:onlineResource>
					<gmd:CI_OnlineResource>
						<gmd:linkage>
							<gmd:URL>http://www.seine-maritime.gouv.fr/Les-services-de-l-Etat/Presentation-des-services/L-Etat-en-Seine-Maritime/Les-territoires-et-la-mer</gmd:URL>
							</gmd:linkage>
					</gmd:CI_OnlineResource>
				</gmd:onlineResource>
			</gmd:CI_Contact>
		</gmd:contactInfo>
		<gmd:role>
			<gmd:CI_RoleCode codeList="http://standards.iso.org/ittf/PubliclyAvailableStandards/ISO_19139_Schemas/resources/Codelist/ML_gmxCodelists.xml#CI_RoleCode" codeListValue="pointOfContact">pointOfContact</gmd:CI_RoleCode>
		</gmd:role>
	</gmd:CI_ResponsibleParty>
	</gmd:contact>
	<gmd:dateStamp>
		<gco:Date>2020-03-04</gco:Date>
	</gmd:dateStamp>
	<gmd:metadataStandardName>
		<gco:CharacterString>ISO19115</gco:CharacterString>
	</gmd:metadataStandardName>
	<gmd:metadataStandardVersion>
		<gco:CharacterString>2003/Cor.1:2006</gco:CharacterString>
	</gmd:metadataStandardVersion>
	<gmd:spatialRepresentationInfo>
		<gmd:MD_VectorSpatialRepresentation>
			<gmd:topologyLevel>
				<gmd:MD_TopologyLevelCode codeList="http://standards.iso.org/ittf/PubliclyAvailableStandards/ISO_19139_Schemas/resources/Codelist/ML_gmxCodelists.xml#MD_TopologyLevelCode" codeListValue="abstract">abstract</gmd:MD_TopologyLevelCode>
			</gmd:topologyLevel>
			<gmd:geometricObjects>
				<gmd:MD_GeometricObjects>
					<gmd:geometricObjectType>
						<gmd:MD_GeometricObjectTypeCode codeList="http://standards.iso.org/ittf/PubliclyAvailableStandards/ISO_19139_Schemas/resources/Codelist/ML_gmxCodelists.xml#MD_GeometricObjectTypeCode" codeListValue="surface">surface</gmd:MD_GeometricObjectTypeCode>
					</gmd:geometricObjectType>
				</gmd:MD_GeometricObjects>
			</gmd:geometricObjects>
		</gmd:MD_VectorSpatialRepresentation>
	</gmd:spatialRepresentationInfo>
	<gmd:referenceSystemInfo>
		<gmd:MD_ReferenceSystem>
			<gmd:referenceSystemIdentifier>
				<gmd:RS_Identifier>
					<gmd:code>
						<gco:CharacterString>2154</gco:CharacterString>
					</gmd:code>
					<gmd:codeSpace>
						<gco:CharacterString>EPSG</gco:CharacterString>
					</gmd:codeSpace>
				</gmd:RS_Identifier>
			</gmd:referenceSystemIdentifier>
		</gmd:MD_ReferenceSystem>
	</gmd:referenceSystemInfo>
	<gmd:referenceSystemInfo>
		<gmd:MD_ReferenceSystem>
			<gmd:referenceSystemIdentifier>
				<gmd:RS_Identifier>
					<gmd:code>
						<gco:CharacterString>2154</gco:CharacterString>
					</gmd:code>
					<gmd:codeSpace>
						<gco:CharacterString>EPSG</gco:CharacterString>
					</gmd:codeSpace>
				</gmd:RS_Identifier>
			</gmd:referenceSystemIdentifier>
		</gmd:MD_ReferenceSystem>
	</gmd:referenceSystemInfo>
	<gmd:referenceSystemInfo>
		<gmd:MD_ReferenceSystem>
			<gmd:referenceSystemIdentifier>
				<gmd:RS_Identifier>
					<gmd:code>
						<gco:CharacterString>3857</gco:CharacterString>
					</gmd:code>
					<gmd:codeSpace>
						<gco:CharacterString>EPSG</gco:CharacterString>
					</gmd:codeSpace>
				</gmd:RS_Identifier>
			</gmd:referenceSystemIdentifier>
		</gmd:MD_ReferenceSystem>
	</gmd:referenceSystemInfo>
	<gmd:identificationInfo>
		<gmd:MD_DataIdentification>
			<gmd:citation>
				<gmd:CI_Citation>
					<gmd:title>
						<gco:CharacterString>[DDTM 76] Zone Aléa surfacique PPRN du département de la Seine-Maritime</gco:CharacterString>
					</gmd:title>
					<gmd:date>
						<gmd:CI_Date>
							<gmd:date>
								<gco:Date>2020-03-04</gco:Date>
							</gmd:date>
							<gmd:dateType>
								<gmd:CI_DateTypeCode codeList="http://standards.iso.org/ittf/PubliclyAvailableStandards/ISO_19139_Schemas/resources/Codelist/ML_gmxCodelists.xml#CI_DateTypeCode" codeListValue="publication">publication</gmd:CI_DateTypeCode>
							</gmd:dateType>
						</gmd:CI_Date>
					</gmd:date>
					<gmd:date>
						<gmd:CI_Date>
							<gmd:date>
								<gco:Date>2020-03-04</gco:Date>
							</gmd:date>
							<gmd:dateType>
								<gmd:CI_DateTypeCode codeList="http://standards.iso.org/ittf/PubliclyAvailableStandards/ISO_19139_Schemas/resources/Codelist/ML_gmxCodelists.xml#CI_DateTypeCode" codeListValue="creation">creation</gmd:CI_DateTypeCode>
							</gmd:dateType>
						</gmd:CI_Date>
					</gmd:date>
					<gmd:date>
						<gmd:CI_Date>
							<gmd:date>
								<gco:Date>2020-03-04</gco:Date>
							</gmd:date>
							<gmd:dateType>
								<gmd:CI_DateTypeCode codeList="http://standards.iso.org/ittf/PubliclyAvailableStandards/ISO_19139_Schemas/resources/Codelist/ML_gmxCodelists.xml#CI_DateTypeCode" codeListValue="revision">revision</gmd:CI_DateTypeCode>
							</gmd:dateType>
						</gmd:CI_Date>
					</gmd:date>
					<gmd:identifier>
						<gmd:MD_Identifier>
							<gmd:code>
								<gco:CharacterString>fr-120066022-jdd-64670ea9-ec35-4d5a-a7b1-ae4ad6cd0887</gco:CharacterString>
							</gmd:code>
						</gmd:MD_Identifier>
					</gmd:identifier>
				</gmd:CI_Citation>
			</gmd:citation>
			<gmd:abstract>
				<gco:CharacterString>Zone exposée à un ou plusieurs aléas  de type surfacique représentée sur la carte des aléas utilisée pour l'analyse du risque du PPR.
La carte d'aléas est le résultat de l'étude des aléas dont l'objectif est d'évaluer l'intensité de chaque aléa en tout point de la zone d'étude. La méthode d'évaluation est spécifique à chaque type d'aléa. Elle conduit à délimiter un ensemble de zones sur le périmètre d'étude constituant un zonage gradué en fonction du niveau de l'aléa. L'attribution d'un niveau d'aléa en un point donné du territoire prend en compte la probabilité d'occurrence du phénomène dangereux et son degré d'intensité.
Pour les PPRN multi-aléas, chaque zone est usuellement repérée sur la carte d'aléa par un code pour chaque aléa auquel elle est exposée.

Toutes les zones d'aléa représentées sur la carte des aléas sont incluses. Les zones protégées par des ouvrages de protection doivent être représentées (éventuellement de façon spécifique) car elles sont toujours considérées soumises à l'aléa (cas de rupture ou d'insuffisance de l'ouvrage).
Les zones d'aléas peuvent être qualifiées de données élaborées dans la mesure où elles résultent d'une synthèse utilisant plusieurs sources de données d'aléas calculées, modélisées ou observés. Ces données sources ne sont pas concernées par cette classe d'objets mais par un autre standard traitant de la connaissance des aléas.
Certaines zones du périmètre d'étude sont considérées comme des « zones d'aléa nul ou insignifiant ». Il s'agit des zones où l'aléa a été étudié et est nul. Ces zones ne sont pas incluses dans la classe d'objets et n'ont pas à être représentées comme des zones d'aléa. Cependant, dans le cas des PPR naturels, le zonage réglementaire peut classer certaines zones non exposées à l'aléa en zone de prescription (voir la définition de la classe ZonePPR).</gco:CharacterString>
			</gmd:abstract>
			<gmd:pointOfContact>
			<gmd:CI_ResponsibleParty>
				<gmd:organisationName>
					<gco:CharacterString></gco:CharacterString>
				</gmd:organisationName>
				<gmd:contactInfo>
					<gmd:CI_Contact>
						<gmd:phone>
							<gmd:CI_Telephone>
								<gmd:voice>
									<gco:CharacterString></gco:CharacterString>
								</gmd:voice>
								<gmd:facsimile>
									<gco:CharacterString></gco:CharacterString>
								</gmd:facsimile>
							</gmd:CI_Telephone>
						</gmd:phone>
						<gmd:address>
							<gmd:CI_Address>
								<gmd:deliveryPoint>
									<gco:CharacterString></gco:CharacterString>
								</gmd:deliveryPoint>
								<gmd:city>
									<gco:CharacterString></gco:CharacterString>
								</gmd:city>
								<gmd:postalCode>
									<gco:CharacterString>00000</gco:CharacterString>
								</gmd:postalCode>
								<gmd:country>
									<gco:CharacterString>France</gco:CharacterString>
								</gmd:country>
								<gmd:electronicMailAddress>
									<gco:CharacterString></gco:CharacterString>
								</gmd:electronicMailAddress>
							</gmd:CI_Address>
						</gmd:address>
						<gmd:onlineResource>
							<gmd:CI_OnlineResource>
								<gmd:linkage>
									<gmd:URL></gmd:URL>
									</gmd:linkage>
							</gmd:CI_OnlineResource>
						</gmd:onlineResource>
					</gmd:CI_Contact>
				</gmd:contactInfo>
				<gmd:role>
					<gmd:CI_RoleCode codeList="http://standards.iso.org/ittf/PubliclyAvailableStandards/ISO_19139_Schemas/resources/Codelist/ML_gmxCodelists.xml#CI_RoleCode" codeListValue="owner">owner</gmd:CI_RoleCode>
				</gmd:role>
			</gmd:CI_ResponsibleParty>
			</gmd:pointOfContact>
			<gmd:pointOfContact>
			<gmd:CI_ResponsibleParty>
				<gmd:organisationName>
					<gco:CharacterString>DDTM76 SPERIC BRNT</gco:CharacterString>
				</gmd:organisationName>
				<gmd:contactInfo>
					<gmd:CI_Contact>
						<gmd:phone>
							<gmd:CI_Telephone>
								<gmd:voice>
									<gco:CharacterString></gco:CharacterString>
								</gmd:voice>
								<gmd:facsimile>
									<gco:CharacterString></gco:CharacterString>
								</gmd:facsimile>
							</gmd:CI_Telephone>
						</gmd:phone>
						<gmd:address>
							<gmd:CI_Address>
								<gmd:deliveryPoint>
									<gco:CharacterString>2, rue Saint-Sever BP 76001 </gco:CharacterString>
								</gmd:deliveryPoint>
								<gmd:city>
									<gco:CharacterString>Rouen cedex</gco:CharacterString>
								</gmd:city>
								<gmd:postalCode>
									<gco:CharacterString>76032</gco:CharacterString>
								</gmd:postalCode>
								<gmd:country>
									<gco:CharacterString>France</gco:CharacterString>
								</gmd:country>
								<gmd:electronicMailAddress>
									<gco:CharacterString>ddtm-speric-brnt@seine-maritime.gouv.fr</gco:CharacterString>
								</gmd:electronicMailAddress>
							</gmd:CI_Address>
						</gmd:address>
						<gmd:onlineResource>
							<gmd:CI_OnlineResource>
								<gmd:linkage>
									<gmd:URL></gmd:URL>
									</gmd:linkage>
							</gmd:CI_OnlineResource>
						</gmd:onlineResource>
					</gmd:CI_Contact>
				</gmd:contactInfo>
				<gmd:role>
					<gmd:CI_RoleCode codeList="http://standards.iso.org/ittf/PubliclyAvailableStandards/ISO_19139_Schemas/resources/Codelist/ML_gmxCodelists.xml#CI_RoleCode" codeListValue="custodian">custodian</gmd:CI_RoleCode>
				</gmd:role>
			</gmd:CI_ResponsibleParty>
			</gmd:pointOfContact>
			<gmd:descriptiveKeywords>
				<gmd:MD_Keywords>
					<gmd:keyword>
						<gco:CharacterString>Risque/Zonages Risque naturel</gco:CharacterString>
					</gmd:keyword>
					<gmd:thesaurusName>
						<gmd:CI_Citation>
							<gmd:title>
								<gco:CharacterString>Arborescence thématique de la COVADIS</gco:CharacterString>
							</gmd:title>
							<gmd:date>
								<gmd:CI_Date>
									<gmd:date>
										<gco:Date>2009-04-06</gco:Date>
									</gmd:date>
									<gmd:dateType>
										<gmd:CI_DateTypeCode codeList="http://standards.iso.org/ittf/PubliclyAvailableStandards/ISO_19139_Schemas/resources/Codelist/ML_gmxCodelists.xml#CI_DateTypeCode" codeListValue="publication">publication</gmd:CI_DateTypeCode>
									</gmd:dateType>
								</gmd:CI_Date>
							</gmd:date>
						</gmd:CI_Citation>
					</gmd:thesaurusName>
				</gmd:MD_Keywords>
			</gmd:descriptiveKeywords>
			<gmd:descriptiveKeywords>
				<gmd:MD_Keywords>
					<gmd:keyword>
						<gco:CharacterString>données ouvertes</gco:CharacterString>
					</gmd:keyword>
				</gmd:MD_Keywords>
			</gmd:descriptiveKeywords>
			<gmd:descriptiveKeywords>
				<gmd:MD_Keywords>
					<gmd:keyword>
						<gco:CharacterString>Parcelles cadastrales</gco:CharacterString>
					</gmd:keyword>
					<gmd:thesaurusName>
						<gmd:CI_Citation>
							<gmd:title>
								<gco:CharacterString>GEMET - INSPIRE Themes</gco:CharacterString>
							</gmd:title>
							<gmd:date>
								<gmd:CI_Date>
									<gmd:date>
										<gco:Date>2008-06-01</gco:Date>
									</gmd:date>
									<gmd:dateType>
										<gmd:CI_DateTypeCode codeList="http://standards.iso.org/ittf/PubliclyAvailableStandards/ISO_19139_Schemas/resources/Codelist/ML_gmxCodelists.xml#CI_DateTypeCode" codeListValue="publication">publication</gmd:CI_DateTypeCode>
									</gmd:dateType>
								</gmd:CI_Date>
							</gmd:date>
						</gmd:CI_Citation>
					</gmd:thesaurusName>
				</gmd:MD_Keywords>
			</gmd:descriptiveKeywords>
			<gmd:descriptiveKeywords>
				<gmd:MD_Keywords>
					<gmd:keyword>
						<gco:CharacterString>Géologie</gco:CharacterString>
					</gmd:keyword>
					<gmd:thesaurusName>
						<gmd:CI_Citation>
							<gmd:title>
								<gco:CharacterString>GEMET - INSPIRE Themes</gco:CharacterString>
							</gmd:title>
							<gmd:date>
								<gmd:CI_Date>
									<gmd:date>
										<gco:Date>2008-06-01</gco:Date>
									</gmd:date>
									<gmd:dateType>
										<gmd:CI_DateTypeCode codeList="http://standards.iso.org/ittf/PubliclyAvailableStandards/ISO_19139_Schemas/resources/Codelist/ML_gmxCodelists.xml#CI_DateTypeCode" codeListValue="publication">publication</gmd:CI_DateTypeCode>
									</gmd:dateType>
								</gmd:CI_Date>
							</gmd:date>
						</gmd:CI_Citation>
					</gmd:thesaurusName>
				</gmd:MD_Keywords>
			</gmd:descriptiveKeywords>
			<gmd:descriptiveKeywords>
				<gmd:MD_Keywords>
					<gmd:keyword>
						<gco:CharacterString>Zones de gestion, de restriction ou de réglementation et unités de déclaration</gco:CharacterString>
					</gmd:keyword>
					<gmd:thesaurusName>
						<gmd:CI_Citation>
							<gmd:title>
								<gco:CharacterString>GEMET - INSPIRE Themes</gco:CharacterString>
							</gmd:title>
							<gmd:date>
								<gmd:CI_Date>
									<gmd:date>
										<gco:Date>2008-06-01</gco:Date>
									</gmd:date>
									<gmd:dateType>
										<gmd:CI_DateTypeCode codeList="http://standards.iso.org/ittf/PubliclyAvailableStandards/ISO_19139_Schemas/resources/Codelist/ML_gmxCodelists.xml#CI_DateTypeCode" codeListValue="publication">publication</gmd:CI_DateTypeCode>
									</gmd:dateType>
								</gmd:CI_Date>
							</gmd:date>
						</gmd:CI_Citation>
					</gmd:thesaurusName>
				</gmd:MD_Keywords>
			</gmd:descriptiveKeywords>
			<gmd:resourceConstraints>
				<gmd:MD_LegalConstraints>
					<gmd:useLimitation>
						<gco:CharacterString>Licence Ouverte 1.0 http://www.data.gouv.fr/Licence-Ouverte-Open-Licence.</gco:CharacterString>
					</gmd:useLimitation>
					<gmd:accessConstraints>
						<gmd:MD_RestrictionCode codeList="http://standards.iso.org/ittf/PubliclyAvailableStandards/ISO_19139_Schemas/resources/Codelist/ML_gmxCodelists.xml#MD_RestrictionCode" codeListValue="otherRestrictions">otherRestrictions</gmd:MD_RestrictionCode>
					</gmd:accessConstraints>
					<gmd:otherConstraints>
						<gco:CharacterString>Pas de restriction d'accès public selon INSPIRE</gco:CharacterString>
					</gmd:otherConstraints>
				</gmd:MD_LegalConstraints>
			</gmd:resourceConstraints>
			<gmd:spatialResolution>
				<gmd:MD_Resolution>
					<gmd:equivalentScale>
						<gmd:MD_RepresentativeFraction>
							<gmd:denominator>
								<gco:Integer>10000</gco:Integer>
							</gmd:denominator>
						</gmd:MD_RepresentativeFraction>
					</gmd:equivalentScale>
				</gmd:MD_Resolution>
			</gmd:spatialResolution>
			<gmd:language>
				<gmd:LanguageCode codeList="http://www.loc.gov/standards/iso639-2/" codeListValue="fre">fre</gmd:LanguageCode>
			</gmd:language>
			<gmd:characterSet>
				<gmd:MD_CharacterSetCode codeList="http://www.isotc211.org/2005/resources/codeList.xml#MD_CharacterSetCode" codeListValue="MD_CharacterSetCode_utf8">utf8</gmd:MD_CharacterSetCode>
			</gmd:characterSet>
			<gmd:topicCategory>
				<gmd:MD_TopicCategoryCode>planningCadastre</gmd:MD_TopicCategoryCode>
			</gmd:topicCategory>
			<gmd:topicCategory>
				<gmd:MD_TopicCategoryCode>geoscientificInformation</gmd:MD_TopicCategoryCode>
			</gmd:topicCategory>
			<gmd:topicCategory>
				<gmd:MD_TopicCategoryCode>planningCadastre</gmd:MD_TopicCategoryCode>
			</gmd:topicCategory>
			<gmd:extent>
				<gmd:EX_Extent>
					<gmd:description>
						<gco:CharacterString>Liste des emprises</gco:CharacterString>
					</gmd:description>
					<gmd:geographicElement>
						<gmd:EX_GeographicBoundingBox>
							<gmd:westBoundLongitude>
								<gco:Decimal>1.00012107</gco:Decimal>
							</gmd:westBoundLongitude>
							<gmd:eastBoundLongitude>
								<gco:Decimal>1.21352223</gco:Decimal>
							</gmd:eastBoundLongitude>
							<gmd:southBoundLatitude>
								<gco:Decimal>49.62116049</gco:Decimal>
							</gmd:southBoundLatitude>
							<gmd:northBoundLatitude>
								<gco:Decimal>49.91965939</gco:Decimal>
							</gmd:northBoundLatitude>
						</gmd:EX_GeographicBoundingBox>
					</gmd:geographicElement>
				</gmd:EX_Extent>
			</gmd:extent>
		</gmd:MD_DataIdentification>
	</gmd:identificationInfo>
	<gmd:distributionInfo>
		<gmd:MD_Distribution>
			<gmd:distributionFormat>
				<gmd:MD_Format>
					<gmd:name>
						<gco:CharacterString>ESRI Shapefile (SHP)</gco:CharacterString>
					</gmd:name>
					<gmd:version>
						<gco:CharacterString>None</gco:CharacterString>
					</gmd:version>
				</gmd:MD_Format>
			</gmd:distributionFormat>
			<gmd:transferOptions>
				<gmd:MD_DigitalTransferOptions>
					<gmd:onLine>
						<gmd:CI_OnlineResource>
							<gmd:linkage>
								<gmd:URL>http://carto.geo-ide.application.developpement-durable.gouv.fr/292/risque_naturel_ppri.map</gmd:URL>
							</gmd:linkage>
							<gmd:protocol>
								<gco:CharacterString>http</gco:CharacterString>
							</gmd:protocol>
							<gmd:name>
								<gco:CharacterString>Gestion des risques naturels</gco:CharacterString>
							</gmd:name>
						</gmd:CI_OnlineResource>
					</gmd:onLine>
					<gmd:onLine>
						<gmd:CI_OnlineResource>
							<gmd:linkage>
								<gmd:URL>http://geostandards.developpement-durable.gouv.fr/afficherPageStandard.do?jeu%3DN_ZONE_ALEA_PPRN_AAAANNNN_S</gmd:URL>
							</gmd:linkage>
							<gmd:protocol>
								<gco:CharacterString>http</gco:CharacterString>
							</gmd:protocol>
							<gmd:name>
								<gco:CharacterString>Standard de données COVADIS : Zone d'aléa d'un PPRN</gco:CharacterString>
							</gmd:name>
						</gmd:CI_OnlineResource>
					</gmd:onLine>
					<gmd:onLine>
						<gmd:CI_OnlineResource>
							<gmd:linkage>
								<gmd:URL>http://atom.geo-ide.developpement-durable.gouv.fr/atomArchive/GetResource?id%3D9f2519b5-a3bd-4352-be97-503fcd0735e2%26dataType%3Ddataset</gmd:URL>
							</gmd:linkage>
							<gmd:protocol>
								<gco:CharacterString>http</gco:CharacterString>
							</gmd:protocol>
							<gmd:name>
								<gco:CharacterString>Téléchargement simple (Atom) du jeu et des documents associés via internet</gco:CharacterString>
							</gmd:name>
						</gmd:CI_OnlineResource>
					</gmd:onLine>
					<gmd:onLine>
						<gmd:CI_OnlineResource>
							<gmd:linkage>
								<gmd:URL>http://atom.geo-ide.application.i2/atomArchive/GetResource?id%3D9f2519b5-a3bd-4352-be97-503fcd0735e2%26dataType%3Ddataset</gmd:URL>
							</gmd:linkage>
							<gmd:protocol>
								<gco:CharacterString>http</gco:CharacterString>
							</gmd:protocol>
							<gmd:name>
								<gco:CharacterString>Téléchargement simple (Atom) du jeu et des documents associés via intranet</gco:CharacterString>
							</gmd:name>
						</gmd:CI_OnlineResource>
					</gmd:onLine>
					<gmd:onLine>
						<gmd:CI_OnlineResource>
							<gmd:linkage>
								<gmd:URL></gmd:URL>
							</gmd:linkage>
							<gmd:protocol>
								<gco:CharacterString></gco:CharacterString>
							</gmd:protocol>
							<gmd:name>
								<gco:CharacterString>URL de base des services wms/wfs sur internet</gco:CharacterString>
							</gmd:name>
						</gmd:CI_OnlineResource>
					</gmd:onLine>
					<gmd:onLine>
						<gmd:CI_OnlineResource>
							<gmd:linkage>
								<gmd:URL></gmd:URL>
							</gmd:linkage>
							<gmd:protocol>
								<gco:CharacterString></gco:CharacterString>
							</gmd:protocol>
							<gmd:name>
								<gco:CharacterString>URL de base des services wms/wfs sur intranet</gco:CharacterString>
							</gmd:name>
						</gmd:CI_OnlineResource>
					</gmd:onLine>
				</gmd:MD_DigitalTransferOptions>
			</gmd:transferOptions>
		</gmd:MD_Distribution>
	</gmd:distributionInfo>
	<gmd:dataQualityInfo>
		<gmd:DQ_DataQuality>
			<gmd:scope>
				<gmd:DQ_Scope>
					<gmd:level>
						<gmd:MD_ScopeCode codeList="http://standards.iso.org/ittf/PubliclyAvailableStandards/ISO_19139_Schemas/resources/codelist/gmxCodelists.xml#MD_ScopeCode" codeListValue="dataset">dataset</gmd:MD_ScopeCode>
					</gmd:level>
				</gmd:DQ_Scope>
			</gmd:scope>
			<gmd:report>
				<gmd:DQ_DomainConsistency xsi:type="gmd:DQ_DomainConsistency_Type">
					<gmd:result>
						<gmd:DQ_ConformanceResult xsi:type="gmd:DQ_ConformanceResult_Type">
							<gmd:specification>
								<gmd:CI_Citation>
									<gmd:title>
										<gco:CharacterString>N_ZONE_ALEA_PPRN_AAAANNNN_S</gco:CharacterString>
									</gmd:title>
									<gmd:date>
										<gmd:CI_Date>
											<gmd:date>
												<gco:Date>2014-07-03</gco:Date>
											</gmd:date>
											<gmd:dateType>
												<gmd:CI_DateTypeCode codeList="http://standards.iso.org/ittf/PubliclyAvailableStandards/ISO_19139_Schemas/resources/Codelist/ML_gmxCodelists.xml#CI_DateTypeCode" codeListValue="publication">publication</gmd:CI_DateTypeCode>
											</gmd:dateType>
										</gmd:CI_Date>
									</gmd:date>
								</gmd:CI_Citation>
							</gmd:specification>
							<gmd:explanation>
								<gco:CharacterString>See the referenced specification</gco:CharacterString>
							</gmd:explanation>
							<gmd:pass>
								<gco:Boolean>false</gco:Boolean>
							</gmd:pass>
						</gmd:DQ_ConformanceResult>
					</gmd:result>
				</gmd:DQ_DomainConsistency>
			</gmd:report>
			<gmd:lineage>
				<gmd:LI_Lineage>
					<gmd:statement>
						<gco:CharacterString>Les limites d'une zone d'aléa sont représentées sur la carte des aléas en fonction du niveau de l'aléa. Autrement dit, les objets polygones représentant les zones d'aléas forment une couverture partielle de la zone étudiée dont chaque élément de couverture est un polygone fermé dans lequel des aléas ont le même niveau d'intensité. Autrement dit, le critère de découpage des zones d'aléa est le niveau de l'aléa.</gco:CharacterString>
					</gmd:statement>
				</gmd:LI_Lineage>
			</gmd:lineage>
		</gmd:DQ_DataQuality>
	</gmd:dataQualityInfo>
</gmd:MD_Metadata>